slug,name,akc_group,size_band,min_kg,max_kg,min_lb,max_lb,min_lifespan_years,max_lifespan_years,midpoint_kg,daily_kcal_neutered_adult_at_midpoint
affenpinscher,Affenpinscher,Toy,toy,3.2,4.5,7.1,9.9,12,15,3.85,308
afghan-hound,Afghan Hound,Hound,medium,22.7,27.2,50,60,12,15,24.95,1250
airedale-terrier,Airedale Terrier,Terrier,large,22.7,31.8,50,70.1,11,14,27.25,1336
akita,Akita,Working,giant,31.8,59,70.1,130.1,10,13,45.4,1959
alaskan-malamute,Alaskan Malamute,Working,large,34,38.6,75,85.1,10,14,36.3,1656
american-bulldog,American Bulldog,Foundation Stock Service,large,27.2,45.4,60,100.1,10,12,36.3,1656
american-english-coonhound,American English Coonhound,Hound,medium,20.4,29.5,45,65,11,12,24.95,1250
american-eskimo-dog,American Eskimo Dog,Non-Sporting,small,2.7,15.9,6,35.1,13,15,9.3,596
american-foxhound,American Foxhound,Hound,large,27.2,31.8,60,70.1,11,13,29.5,1418
american-hairless-terrier,American Hairless Terrier,Terrier,small,5.4,7.3,11.9,16.1,14,16,6.35,448
american-leopard-hound,American Leopard Hound,Foundation Stock Service,large,20.4,31.8,45,70.1,12,15,26.1,1293
american-staffordshire-terrier,American Staffordshire Terrier,Terrier,medium,18.1,31.8,39.9,70.1,12,16,24.95,1250
american-water-spaniel,American Water Spaniel,Sporting,medium,11.3,20.4,24.9,45,10,14,15.85,890
anatolian-shepherd-dog,Anatolian Shepherd Dog,Working,giant,36.3,68,80,149.9,11,13,52.15,2173
appenzeller-sennenhund,Appenzeller Sennenhund,Foundation Stock Service,large,21.8,31.8,48.1,70.1,12,15,26.8,1319
australian-cattle-dog,Australian Cattle Dog,Herding,medium,15.9,22.7,35.1,50,12,16,19.3,1031
australian-shepherd,Australian Shepherd,Herding,medium,18.1,29.5,39.9,65,12,15,23.8,1207
australian-stumpy-tail-cattle-dog,Australian Stumpy Tail Cattle Dog,Foundation Stock Service,medium,14.5,20.4,32,45,12,15,17.45,956
australian-terrier,Australian Terrier,Terrier,small,6.8,9.1,15,20.1,11,15,7.95,530
azawakh,Azawakh,Hound,medium,15,24.9,33.1,54.9,12,15,19.95,1057
barbet,Barbet,Sporting,medium,15.9,29.5,35.1,65,12,14,22.7,1165
basenji,Basenji,Hound,small,10,10.9,22,24,13,14,10.45,651
basset-fauve-de-bretagne,Basset Fauve de Bretagne,Foundation Stock Service,medium,12.2,15.9,26.9,35.1,12,12,14.05,813
basset-hound,Basset Hound,Hound,medium,18.1,29.5,39.9,65,12,13,23.8,1207
bavarian-mountain-scent-hound,Bavarian Mountain Scent Hound,Foundation Stock Service,medium,16.8,29.9,37,65.9,12,15,23.35,1190
beagle,Beagle,Hound,small,5.9,13.6,13,30,10,15,9.75,618
bearded-collie,Bearded Collie,Herding,medium,20.4,24.9,45,54.9,12,14,22.65,1163
beauceron,Beauceron,Herding,large,31.8,49.9,70.1,110,10,12,40.85,1810
bedlington-terrier,Bedlington Terrier,Terrier,small,7.7,10.4,17,22.9,11,16,9.05,584
belgian-laekenois,Belgian Laekenois,Miscellaneous Class,large,24.9,29.5,54.9,65,10,12,27.2,1334
belgian-malinois,Belgian Malinois,Herding,large,18.1,36.3,39.9,80,14,16,27.2,1334
belgian-sheepdog,Belgian Sheepdog,Herding,large,20.4,34,45,75,12,14,27.2,1334
belgian-tervuren,Belgian Tervuren,Herding,large,20.4,34,45,75,12,14,27.2,1334
bergamasco-sheepdog,Bergamasco Sheepdog,Herding,large,25.9,38.1,57.1,84,13,15,32,1507
berger-picard,Berger Picard,Herding,large,22.7,31.8,50,70.1,12,13,27.25,1336
bernese-mountain-dog,Bernese Mountain Dog,Working,large,31.8,52.2,70.1,115.1,7,10,42,1848
bichon-frise,Bichon Frise,Non-Sporting,small,5.4,8.2,11.9,18.1,14,15,6.8,472
biewer-terrier,Biewer Terrier,Miscellaneous Class,toy,1.8,3.6,4,7.9,16,16,2.7,236
black-russian-terrier,Black Russian Terrier,Working,giant,36.3,59,80,130.1,10,12,47.65,2031
black-and-tan-coonhound,Black and Tan Coonhound,Hound,large,29.5,49.9,65,110,10,12,39.7,1771
bloodhound,Bloodhound,Hound,large,36.3,49.9,80,110,10,12,43.1,1884
bluetick-coonhound,Bluetick Coonhound,Hound,large,20.4,36.3,45,80,11,12,28.35,1376
boerboel,Boerboel,Working,giant,68,90.7,149.9,200,9,11,79.35,2978
bohemian-shepherd,Bohemian Shepherd,Foundation Stock Service,medium,16.8,27.2,37,60,12,15,22,1138
bolognese,Bolognese,Foundation Stock Service,toy,2.5,4.1,5.5,9,12,14,3.3,274
border-collie,Border Collie,Herding,medium,13.6,24.9,30,54.9,12,15,19.25,1029
border-terrier,Border Terrier,Terrier,small,5.2,7,11.5,15.4,12,15,6.1,435
borzoi,Borzoi,Hound,large,27.2,47.6,60,104.9,9,14,37.4,1694
boston-terrier,Boston Terrier,Non-Sporting,small,5.4,11.3,11.9,24.9,11,13,8.35,550
bouvier-des-flandres,Bouvier des Flandres,Herding,large,31.8,49.9,70.1,110,10,12,40.85,1810
boxer,Boxer,Working,medium,6.8,36.3,15,80,10,12,21.55,1120
boykin-spaniel,Boykin Spaniel,Sporting,medium,11.3,18.1,24.9,39.9,10,15,14.7,841
bracco-italiano,Bracco Italiano,Miscellaneous Class,large,24.9,40.8,54.9,89.9,10,14,32.85,1537
braque-francais-pyrenean,Braque Francais Pyrenean,Foundation Stock Service,medium,18.1,24.9,39.9,54.9,,,21.5,1118
braque-du-bourbonnais,Braque du Bourbonnais,Foundation Stock Service,medium,15.9,24,35.1,52.9,10,12,19.95,1057
briard,Briard,Herding,large,24.9,45.4,54.9,100.1,12,12,35.15,1617
brittany,Brittany,Sporting,medium,13.6,18.1,30,39.9,12,14,15.85,890
broholmer,Broholmer,Foundation Stock Service,giant,40.8,68,89.9,149.9,8,10,54.4,2243
brussels-griffon,Brussels Griffon,Toy,toy,3.6,4.5,7.9,9.9,12,15,4.05,320
bull-terrier,Bull Terrier,Terrier,large,22.7,31.8,50,70.1,12,13,27.25,1336
bulldog,Bulldog,Non-Sporting,medium,18.1,22.7,39.9,50,8,10,20.4,1075
bullmastiff,Bullmastiff,Working,giant,45.4,59,100.1,130.1,7,9,52.2,2175
cairn-terrier,Cairn Terrier,Terrier,small,5.9,6.4,13,14.1,13,15,6.15,437
canaan-dog,Canaan Dog,Herding,medium,15.9,24.9,35.1,54.9,12,15,20.4,1075
cardigan-welsh-corgi,Cardigan Welsh Corgi,Herding,medium,11.3,17.2,24.9,37.9,12,15,14.25,821
carolina-dog,Carolina Dog,Foundation Stock Service,medium,13.6,24.9,30,54.9,,,19.25,1029
catahoula-leopard-dog,Catahoula Leopard Dog,Foundation Stock Service,large,22.7,43.1,50,95,10,14,32.9,1539
caucasian-shepherd-dog,Caucasian Shepherd Dog,Foundation Stock Service,giant,44.9,77.1,99,170,10,12,61,2445
cavalier-king-charles-spaniel,Cavalier King Charles Spaniel,Toy,small,5.9,8.2,13,18.1,12,15,7.05,485
central-asian-shepherd-dog,Central Asian Shepherd Dog,Foundation Stock Service,large,39.9,49.9,88,110,,,44.9,1943
cesky-terrier,Cesky Terrier,Terrier,small,6.4,10.9,14.1,24,12,15,8.65,565
chesapeake-bay-retriever,Chesapeake Bay Retriever,Sporting,large,24.9,36.3,54.9,80,10,13,30.6,1457
chihuahua,Chihuahua,Toy,toy,2.7,2.7,6,6,14,16,2.7,236
chinese-crested,Chinese Crested,Toy,toy,3.6,5.4,7.9,11.9,13,18,4.5,346
chinese-shar-pei,Chinese Shar-Pei,Non-Sporting,medium,20.4,27.2,45,60,8,12,23.8,1207
chinook,Chinook,Working,large,22.7,40.8,50,89.9,12,15,31.75,1498
chow-chow,Chow Chow,Non-Sporting,large,20.4,31.8,45,70.1,8,12,26.1,1293
cirneco-dell-etna,Cirneco dell’Etna,Hound,small,7.7,11.8,17,26,12,14,9.75,618
clumber-spaniel,Clumber Spaniel,Sporting,large,24.9,38.6,54.9,85.1,10,12,31.75,1498
cocker-spaniel,Cocker Spaniel,Sporting,small,9.1,13.6,20.1,30,10,14,11.35,693
collie,Collie,Herding,large,22.7,34,50,75,12,14,28.35,1376
coton-de-tulear,Coton de Tulear,Non-Sporting,small,3.6,6.8,7.9,15,15,19,5.2,386
croatian-sheepdog,Croatian Sheepdog,Foundation Stock Service,medium,13.2,20,29.1,44.1,13,14,16.6,921
curly-coated-retriever,Curly-Coated Retriever,Sporting,large,27.2,43.1,60,95,10,12,35.15,1617
czechoslovakian-vlcak,Czechoslovakian Vlcak,Foundation Stock Service,medium,20,25.9,44.1,57.1,10,15,22.95,1174
dachshund,Dachshund,Hound,small,5,14.5,11,32,12,16,9.75,618
dalmatian,Dalmatian,Non-Sporting,large,20.4,31.8,45,70.1,11,13,26.1,1293
dandie-dinmont-terrier,Dandie Dinmont Terrier,Terrier,small,8.2,10.9,18.1,24,12,15,9.55,608
danish-swedish-farmdog,Danish-Swedish Farmdog,Foundation Stock Service,small,6.8,9.1,15,20.1,11,13,7.95,530
deutscher-wachtelhund,Deutscher Wachtelhund,Foundation Stock Service,medium,18.1,24.9,39.9,54.9,12,14,21.5,1118
doberman-pinscher,Doberman Pinscher,Working,large,27.2,45.4,60,100.1,10,12,36.3,1656
dogo-argentino,Dogo Argentino,Working,large,39.9,45.4,88,100.1,9,15,42.65,1869
dogue-de-bordeaux,Dogue de Bordeaux,Working,giant,44.9,49.9,99,110,5,8,47.4,2023
drentsche-patrijshond,Drentsche Patrijshond,Foundation Stock Service,large,21.8,33.1,48.1,73,11,14,27.45,1343
drever,Drever,Foundation Stock Service,medium,15.9,18.1,35.1,39.9,15,15,17,938
dutch-shepherd,Dutch Shepherd,Miscellaneous Class,large,19.1,34,42.1,75,11,14,26.55,1310
english-cocker-spaniel,English Cocker Spaniel,Sporting,medium,11.8,15.4,26,34,12,14,13.6,793
english-foxhound,English Foxhound,Hound,large,27.2,34,60,75,10,13,30.6,1457
english-setter,English Setter,Sporting,large,20.4,36.3,45,80,12,12,28.35,1376
english-springer-spaniel,English Springer Spaniel,Sporting,medium,18.1,22.7,39.9,50,12,14,20.4,1075
english-toy-spaniel,English Toy Spaniel,Toy,small,3.6,6.4,7.9,14.1,10,12,5,374
entlebucher-mountain-dog,Entlebucher Mountain Dog,Herding,medium,18.1,29.5,39.9,65,11,13,23.8,1207
estrela-mountain-dog,Estrela Mountain Dog,Foundation Stock Service,giant,34.9,59.9,76.9,132.1,10,14,47.4,2023
eurasier,Eurasier,Foundation Stock Service,medium,18.1,31.8,39.9,70.1,12,16,24.95,1250
field-spaniel,Field Spaniel,Sporting,medium,15.9,22.7,35.1,50,12,13,19.3,1031
finnish-lapphund,Finnish Lapphund,Herding,medium,15,24,33.1,52.9,12,15,19.5,1039
finnish-spitz,Finnish Spitz,Non-Sporting,medium,9.1,15,20.1,33.1,13,15,12.05,724
flat-coated-retriever,Flat-Coated Retriever,Sporting,large,27.2,31.8,60,70.1,8,10,29.5,1418
french-bulldog,French Bulldog,Non-Sporting,medium,12.7,12.7,28,28,10,12,12.7,753
french-spaniel,French Spaniel,Foundation Stock Service,medium,22.7,27.2,50,60,10,12,24.95,1250
german-longhaired-pointer,German Longhaired Pointer,Foundation Stock Service,large,24.9,36.3,54.9,80,12,14,30.6,1457
german-pinscher,German Pinscher,Working,medium,11.3,20.4,24.9,45,12,14,15.85,890
german-shepherd-dog,German Shepherd Dog,Herding,large,22.7,40.8,50,89.9,7,10,31.75,1498
german-shorthaired-pointer,German Shorthaired Pointer,Sporting,large,20.4,31.8,45,70.1,10,12,26.1,1293
german-spitz,German Spitz,Foundation Stock Service,small,10.9,11.8,24,26,13,15,11.35,693
german-wirehaired-pointer,German Wirehaired Pointer,Sporting,large,22.7,31.8,50,70.1,14,16,27.25,1336
giant-schnauzer,Giant Schnauzer,Working,large,24.9,38.6,54.9,85.1,12,15,31.75,1498
glen-of-imaal-terrier,Glen of Imaal Terrier,Terrier,medium,14.5,18.1,32,39.9,10,15,16.3,909
golden-retriever,Golden Retriever,Sporting,large,24.9,34,54.9,75,10,12,29.45,1416
gordon-setter,Gordon Setter,Sporting,large,20.4,36.3,45,80,12,13,28.35,1376
grand-basset-griffon-vend-en,Grand Basset Griffon Vendéen,Hound,medium,18.1,20.4,39.9,45,13,15,19.25,1029
great-dane,Great Dane,Working,giant,49.9,79.4,110,175,7,10,64.65,2554
great-pyrenees,Great Pyrenees,Working,large,38.6,45.4,85.1,100.1,10,12,42,1848
greater-swiss-mountain-dog,Greater Swiss Mountain Dog,Working,giant,38.6,63.5,85.1,140,8,11,51.05,2139
greyhound,Greyhound,Hound,large,27.2,31.8,60,70.1,10,13,29.5,1418
hamiltonstovare,Hamiltonstovare,Foundation Stock Service,large,18.1,34,39.9,75,14,17,26.05,1291
hanoverian-scenthound,Hanoverian Scenthound,Foundation Stock Service,large,35.8,44.9,78.9,99,10,14,40.35,1793
harrier,Harrier,Hound,medium,20.4,27.2,45,60,12,15,23.8,1207
havanese,Havanese,Toy,toy,3.2,5.9,7.1,13,14,16,4.55,349
hokkaido,Hokkaido,Foundation Stock Service,medium,20,29.9,44.1,65.9,12,15,24.95,1250
hovawart,Hovawart,Foundation Stock Service,large,29.5,40.8,65,89.9,10,14,35.15,1617
ibizan-hound,Ibizan Hound,Hound,medium,20.4,22.7,45,50,11,14,21.55,1120
icelandic-sheepdog,Icelandic Sheepdog,Herding,medium,11.3,13.6,24.9,30,12,14,12.45,742
irish-red-and-white-setter,Irish Red and White Setter,Sporting,medium,15.9,27.2,35.1,60,11,15,21.55,1120
irish-setter,Irish Setter,Sporting,large,27.2,31.8,60,70.1,12,15,29.5,1418
irish-terrier,Irish Terrier,Terrier,small,11.3,12.2,24.9,26.9,13,15,11.75,711
irish-water-spaniel,Irish Water Spaniel,Sporting,large,20.4,30.8,45,67.9,12,13,25.6,1275
irish-wolfhound,Irish Wolfhound,Hound,giant,47.6,54.4,104.9,119.9,6,8,51,2137
italian-greyhound,Italian Greyhound,Toy,toy,3.2,6.4,7.1,14.1,14,15,4.8,363
jagdterrier,Jagdterrier,Foundation Stock Service,small,7.7,10,17,22,10,12,8.85,575
japanese-chin,Japanese Chin,Toy,toy,3.2,5,7.1,11,10,12,4.1,323
japanese-spitz,Japanese Spitz,Foundation Stock Service,small,4.5,11.3,9.9,24.9,12,14,7.9,528
jindo,Jindo,Foundation Stock Service,medium,13.6,22.7,30,50,14,14,18.15,985
kai-ken,Kai Ken,Foundation Stock Service,medium,9.1,18.1,20.1,39.9,12,15,13.6,793
karelian-bear-dog,Karelian Bear Dog,Foundation Stock Service,medium,20,22.2,44.1,48.9,11,13,21.1,1103
keeshond,Keeshond,Non-Sporting,medium,15.9,20.4,35.1,45,12,15,18.15,985
kerry-blue-terrier,Kerry Blue Terrier,Terrier,medium,15,18.1,33.1,39.9,12,15,16.55,919
kishu-ken,Kishu Ken,Foundation Stock Service,medium,13.6,27.2,30,60,11,13,20.4,1075
komondor,Komondor,Working,large,36.3,45.4,80,100.1,10,12,40.85,1810
kromfohrlander,Kromfohrlander,Foundation Stock Service,medium,9.1,15.9,20.1,35.1,13,15,12.5,745
kuvasz,Kuvasz,Working,large,31.8,52.2,70.1,115.1,10,12,42,1848
labrador-retriever,Labrador Retriever,Sporting,large,24.9,36.3,54.9,80,10,12,30.6,1457
lagotto-romagnolo,Lagotto Romagnolo,Sporting,medium,10.9,15.9,24,35.1,15,17,13.4,784
lakeland-terrier,Lakeland Terrier,Terrier,small,7.7,7.7,17,17,12,15,7.7,518
lancashire-heeler,Lancashire Heeler,Miscellaneous Class,small,4.1,7.7,9,17,12,15,5.9,424
lapponian-herder,Lapponian Herder,Foundation Stock Service,large,31.8,31.8,70.1,70.1,10,14,31.8,1500
leonberger,Leonberger,Working,giant,40.8,77.1,89.9,170,9,9,58.95,2383
lhasa-apso,Lhasa Apso,Non-Sporting,small,5.4,8.2,11.9,18.1,12,15,6.8,472
l-wchen,Löwchen,Non-Sporting,small,4.5,6.8,9.9,15,15,15,5.65,410
maltese,Maltese,Toy,toy,3.2,3.2,7.1,7.1,12,15,3.2,268
manchester-terrier-standard,Manchester Terrier (Standard),Terrier,small,5.4,10,11.9,22,15,17,7.7,518
manchester-terrier-toy,Manchester Terrier (Toy),Toy,small,5.4,5.4,11.9,11.9,15,17,5.4,397
mastiff,Mastiff,Working,giant,54.4,104.3,119.9,229.9,6,10,79.35,2978
miniature-american-shepherd,Miniature American Shepherd,Herding,medium,9.1,18.1,20.1,39.9,12,13,13.6,793
miniature-bull-terrier,Miniature Bull Terrier,Terrier,small,8.2,12.7,18.1,28,11,13,10.45,651
miniature-pinscher,Miniature Pinscher,Toy,toy,3.6,4.5,7.9,9.9,12,16,4.05,320
miniature-schnauzer,Miniature Schnauzer,Terrier,small,5,9.1,11,20.1,12,15,7.05,485
mountain-cur,Mountain Cur,Foundation Stock Service,medium,13.6,27.2,30,60,10,13,20.4,1075
mudi,Mudi,Miscellaneous Class,small,8.2,13.2,18.1,29.1,12,14,10.7,663
neapolitan-mastiff,Neapolitan Mastiff,Working,giant,49.9,68,110,149.9,7,9,58.95,2383
nederlandse-kooikerhondje,Nederlandse Kooikerhondje,Sporting,small,9.1,13.6,20.1,30,12,15,11.35,693
newfoundland,Newfoundland,Working,giant,45.4,68,100.1,149.9,9,10,56.7,2314
norfolk-terrier,Norfolk Terrier,Terrier,small,5,5.4,11,11.9,12,16,5.2,386
norrbottenspets,Norrbottenspets,Miscellaneous Class,small,9.1,13.6,20.1,30,14,17,11.35,693
norwegian-buhund,Norwegian Buhund,Herding,medium,11.8,18.1,26,39.9,12,15,14.95,852
norwegian-elkhound,Norwegian Elkhound,Hound,medium,21.8,24.9,48.1,54.9,12,15,23.35,1190
norwegian-lundehund,Norwegian Lundehund,Non-Sporting,small,9.1,13.6,20.1,30,12,15,11.35,693
norwich-terrier,Norwich Terrier,Terrier,small,5.4,5.4,11.9,11.9,12,15,5.4,397
nova-scotia-duck-tolling-retriever,Nova Scotia Duck Tolling Retriever,Sporting,medium,15.9,22.7,35.1,50,12,14,19.3,1031
old-english-sheepdog,Old English Sheepdog,Herding,large,27.2,45.4,60,100.1,10,12,36.3,1656
otterhound,Otterhound,Hound,large,36.3,52.2,80,115.1,10,13,44.25,1922
papillon,Papillon,Toy,toy,2.3,4.5,5.1,9.9,14,16,3.4,280
parson-russell-terrier,Parson Russell Terrier,Terrier,small,5.9,7.7,13,17,13,15,6.8,472
pekingese,Pekingese,Toy,small,6.4,6.4,14.1,14.1,12,14,6.4,451
pembroke-welsh-corgi,Pembroke Welsh Corgi,Herding,medium,12.7,13.6,28,30,12,13,13.15,773
perro-de-presa-canario,Perro de Presa Canario,Foundation Stock Service,large,38.1,49.9,84,110,9,11,44,1913
peruvian-inca-orchid,Peruvian Inca Orchid,Miscellaneous Class,medium,3.9,24.9,8.6,54.9,12,14,14.4,828
petit-basset-griffon-vend-en,Petit Basset Griffon Vendéen,Hound,medium,11.3,18.1,24.9,39.9,12,14,14.7,841
pharaoh-hound,Pharaoh Hound,Hound,medium,20.4,24.9,45,54.9,12,14,22.65,1163
plott-hound,Plott Hound,Hound,medium,18.1,27.2,39.9,60,12,14,22.65,1163
pointer,Pointer,Sporting,large,20.4,34,45,75,12,17,27.2,1334
polish-lowland-sheepdog,Polish Lowland Sheepdog,Herding,medium,13.6,22.7,30,50,12,14,18.15,985
pomeranian,Pomeranian,Toy,toy,1.4,3.2,3.1,7.1,12,16,2.3,209
poodle-miniature,Poodle (Miniature),Non-Sporting,small,4.5,6.8,9.9,15,10,18,5.65,410
poodle-standard,Poodle (Standard),Non-Sporting,medium,18.1,31.8,39.9,70.1,10,18,24.95,1250
poodle-toy,Poodle (Toy),Toy,toy,1.8,2.7,4,6,10,18,2.25,206
porcelaine,Porcelaine,Foundation Stock Service,large,24.9,28.1,54.9,61.9,12,13,26.5,1308
portuguese-podengo,Portuguese Podengo,Miscellaneous Class,medium,15.9,29.9,35.1,65.9,10,12,22.9,1172
portuguese-podengo-pequeno,Portuguese Podengo Pequeno,Hound,small,4.1,5.9,9,13,12,15,5,374
portuguese-pointer,Portuguese Pointer,Foundation Stock Service,medium,15.9,26.8,35.1,59.1,14,14,21.35,1112
portuguese-sheepdog,Portuguese Sheepdog,Foundation Stock Service,medium,17,26.8,37.5,59.1,12,13,21.9,1134
portuguese-water-dog,Portuguese Water Dog,Working,medium,15.9,27.2,35.1,60,11,13,21.55,1120
pudelpointer,Pudelpointer,Foundation Stock Service,large,20.4,31.8,45,70.1,14,14,26.1,1293
pug,Pug,Toy,small,6.4,8.2,14.1,18.1,13,15,7.3,497
puli,Puli,Herding,medium,11.3,15.9,24.9,35.1,10,15,13.6,793
pumi,Pumi,Herding,small,10,13.2,22,29.1,12,13,11.6,704
pyrenean-mastiff,Pyrenean Mastiff,Foundation Stock Service,giant,54.4,108.9,119.9,240.1,10,13,81.65,3042
pyrenean-shepherd,Pyrenean Shepherd,Herding,small,6.8,13.6,15,30,,,10.2,639
rafeiro-do-alentejo,Rafeiro do Alentejo,Foundation Stock Service,giant,34.9,59.9,76.9,132.1,12,14,47.4,2023
rat-terrier,Rat Terrier,Terrier,small,4.5,11.3,9.9,24.9,12,18,7.9,528
redbone-coonhound,Redbone Coonhound,Hound,large,20.4,31.8,45,70.1,12,15,26.1,1293
rhodesian-ridgeback,Rhodesian Ridgeback,Hound,large,31.8,38.6,70.1,85.1,10,10,35.2,1619
romanian-mioritic-shepherd-dog,Romanian Mioritic Shepherd Dog,Foundation Stock Service,giant,45.4,59,100.1,130.1,12,14,52.2,2175
rottweiler,Rottweiler,Working,giant,36.3,61.2,80,134.9,9,10,48.75,2066
russell-terrier,Russell Terrier,Terrier,small,4.1,6.8,9,15,12,14,5.45,399
russian-toy,Russian Toy,Miscellaneous Class,toy,2.9,2.9,6.4,6.4,12,14,2.9,249
russian-tsvetnaya-bolonka,Russian Tsvetnaya Bolonka,Foundation Stock Service,toy,2,5,4.4,11,12,16,3.5,287
saint-bernard,Saint Bernard,Working,giant,54.4,81.6,119.9,179.9,8,10,68,2652
saluki,Saluki,Hound,medium,18.1,29.5,39.9,65,10,17,23.8,1207
samoyed,Samoyed,Working,medium,15.9,29.5,35.1,65,12,14,22.7,1165
schapendoes,Schapendoes,Foundation Stock Service,medium,11.8,24.9,26,54.9,12,15,18.35,993
schipperke,Schipperke,Non-Sporting,small,4.5,7.3,9.9,16.1,12,14,5.9,424
scottish-deerhound,Scottish Deerhound,Hound,large,34,49.9,75,110,8,11,41.95,1846
scottish-terrier,Scottish Terrier,Terrier,small,8.2,10,18.1,22,12,12,9.1,587
sealyham-terrier,Sealyham Terrier,Terrier,small,10.4,10.9,22.9,24,12,14,10.65,660
segugio-italiano,Segugio Italiano,Foundation Stock Service,medium,18.1,27.2,39.9,60,11,13,22.65,1163
shetland-sheepdog,Shetland Sheepdog,Herding,small,6.8,11.3,15,24.9,12,14,9.05,584
shiba-inu,Shiba Inu,Non-Sporting,small,7.7,10.4,17,22.9,13,16,9.05,584
shih-tzu,Shih Tzu,Toy,small,4.1,7.3,9,16.1,10,18,5.7,413
shikoku,Shikoku,Foundation Stock Service,medium,15.9,24.9,35.1,54.9,10,12,20.4,1075
siberian-husky,Siberian Husky,Working,medium,15.9,27.2,35.1,60,12,14,21.55,1120
silky-terrier,Silky Terrier,Toy,toy,4.5,4.5,9.9,9.9,13,15,4.5,346
skye-terrier,Skye Terrier,Terrier,medium,15.9,20.4,35.1,45,12,14,18.15,985
sloughi,Sloughi,Hound,medium,15.9,22.7,35.1,50,10,15,19.3,1031
slovakian-wirehaired-pointer,Slovakian Wirehaired Pointer,Foundation Stock Service,large,22.7,29.5,50,65,12,15,26.1,1293
slovensky-cuvac,Slovensky Cuvac,Foundation Stock Service,large,30.8,44,67.9,97,11,13,37.4,1694
slovensky-kopov,Slovensky Kopov,Foundation Stock Service,medium,15,20,33.1,44.1,12,13,17.5,958
small-munsterlander-pointer,Small Munsterlander Pointer,Foundation Stock Service,medium,18.1,27.2,39.9,60,12,14,22.65,1163
smooth-fox-terrier,Smooth Fox Terrier,Terrier,small,6.8,8.2,15,18.1,12,15,7.5,508
soft-coated-wheaten-terrier,Soft Coated Wheaten Terrier,Terrier,medium,13.6,18.1,30,39.9,12,14,15.85,890
spanish-mastiff,Spanish Mastiff,Foundation Stock Service,giant,63.5,90.7,140,200,10,12,77.1,2914
spanish-water-dog,Spanish Water Dog,Herding,medium,14.1,22.2,31.1,48.9,12,14,18.15,985
stabyhoun,Stabyhoun,Foundation Stock Service,medium,18.1,27.2,39.9,60,13,15,22.65,1163
staffordshire-bull-terrier,Staffordshire Bull Terrier,Terrier,medium,10.9,17.2,24,37.9,12,14,14.05,813
standard-schnauzer,Standard Schnauzer,Working,medium,13.6,22.7,30,50,13,16,18.15,985
sussex-spaniel,Sussex Spaniel,Sporting,medium,15.9,20.4,35.1,45,13,15,18.15,985
swedish-lapphund,Swedish Lapphund,Foundation Stock Service,medium,13.6,20.4,30,45,12,14,17,938
swedish-vallhund,Swedish Vallhund,Herding,medium,9.1,15.9,20.1,35.1,12,15,12.5,745
taiwan-dog,Taiwan Dog,Foundation Stock Service,medium,11.8,18.1,26,39.9,9,13,14.95,852
teddy-roosevelt-terrier,Teddy Roosevelt Terrier,Miscellaneous Class,small,3.6,11.3,7.9,24.9,14,16,7.45,505
thai-ridgeback,Thai Ridgeback,Foundation Stock Service,medium,15.9,34,35.1,75,12,13,24.95,1250
tibetan-mastiff,Tibetan Mastiff,Working,giant,31.8,68,70.1,149.9,10,12,49.9,2103
tibetan-spaniel,Tibetan Spaniel,Non-Sporting,small,4.1,6.8,9,15,12,15,5.45,399
tibetan-terrier,Tibetan Terrier,Non-Sporting,small,8.2,13.6,18.1,30,15,16,10.9,672
tornjak,Tornjak,Foundation Stock Service,large,28.1,49.9,61.9,110,12,14,39,1748
tosa,Tosa,Foundation Stock Service,giant,45.4,90.7,100.1,200,10,12,68.05,2654
toy-fox-terrier,Toy Fox Terrier,Toy,toy,1.6,3.2,3.5,7.1,13,15,2.4,216
transylvanian-hound,Transylvanian Hound,Foundation Stock Service,medium,24.9,24.9,54.9,54.9,10,14,24.9,1248
treeing-tennessee-brindle,Treeing Tennessee Brindle,Foundation Stock Service,medium,13.6,22.7,30,50,10,12,18.15,985
treeing-walker-coonhound,Treeing Walker Coonhound,Hound,large,22.7,31.8,50,70.1,12,13,27.25,1336
vizsla,Vizsla,Sporting,medium,20,27.2,44.1,60,12,14,23.6,1199
weimaraner,Weimaraner,Sporting,large,24.9,40.8,54.9,89.9,10,13,32.85,1537
welsh-springer-spaniel,Welsh Springer Spaniel,Sporting,medium,15.9,24.9,35.1,54.9,12,15,20.4,1075
welsh-terrier,Welsh Terrier,Terrier,small,9.1,9.1,20.1,20.1,12,15,9.1,587
west-highland-white-terrier,West Highland White Terrier,Terrier,small,6.8,9.1,15,20.1,13,15,7.95,530
wetterhoun,Wetterhoun,Foundation Stock Service,large,22.7,34,50,75,13,13,28.35,1376
whippet,Whippet,Hound,medium,11.3,18.1,24.9,39.9,12,15,14.7,841
wire-fox-terrier,Wire Fox Terrier,Terrier,small,6.8,8.2,15,18.1,12,15,7.5,508
wirehaired-pointing-griffon,Wirehaired Pointing Griffon,Sporting,medium,15.9,31.8,35.1,70.1,12,15,23.85,1209
wirehaired-vizsla,Wirehaired Vizsla,Sporting,medium,20.4,29.5,45,65,12,14,24.95,1250
working-kelpie,Working Kelpie,Foundation Stock Service,medium,12.7,27.2,28,60,12,15,19.95,1057
xoloitzcuintli,Xoloitzcuintli,Non-Sporting,medium,4.5,24.9,9.9,54.9,13,18,14.7,841
yakutian-laika,Yakutian Laika,Foundation Stock Service,medium,18.1,24.9,39.9,54.9,10,12,21.5,1118
yorkshire-terrier,Yorkshire Terrier,Toy,toy,3.2,3.2,7.1,7.1,11,15,3.2,268
