model_slug,model,quantisation,bits_per_weight,weights_gb,kv_cache_gb,runtime_overhead_gb,total_gb,context
llama-3-2-1b,Llama 3.2 1B,fp16,16,2.302,0.25,0.8,3.352,8192
llama-3-2-1b,Llama 3.2 1B,q8-0,8.5,1.223,0.25,0.8,2.273,8192
llama-3-2-1b,Llama 3.2 1B,q6-k,6.6,0.949,0.25,0.8,1.999,8192
llama-3-2-1b,Llama 3.2 1B,q5-k-m,5.5,0.791,0.25,0.8,1.841,8192
llama-3-2-1b,Llama 3.2 1B,q4-k-m,4.5,0.647,0.25,0.8,1.697,8192
llama-3-2-1b,Llama 3.2 1B,q3-k-m,3.9,0.561,0.25,0.8,1.611,8192
qwen2-5-3b,Qwen2.5 3B,fp16,16,5.748,0.281,0.8,6.829,8192
qwen2-5-3b,Qwen2.5 3B,q8-0,8.5,3.053,0.281,0.8,4.135,8192
qwen2-5-3b,Qwen2.5 3B,q6-k,6.6,2.371,0.281,0.8,3.452,8192
qwen2-5-3b,Qwen2.5 3B,q5-k-m,5.5,1.976,0.281,0.8,3.057,8192
qwen2-5-3b,Qwen2.5 3B,q4-k-m,4.5,1.617,0.281,0.8,2.698,8192
qwen2-5-3b,Qwen2.5 3B,q3-k-m,3.9,1.401,0.281,0.8,2.482,8192
llama-3-2-3b,Llama 3.2 3B,fp16,16,5.984,0.875,0.8,7.659,8192
llama-3-2-3b,Llama 3.2 3B,q8-0,8.5,3.179,0.875,0.8,4.854,8192
llama-3-2-3b,Llama 3.2 3B,q6-k,6.6,2.468,0.875,0.8,4.143,8192
llama-3-2-3b,Llama 3.2 3B,q5-k-m,5.5,2.057,0.875,0.8,3.732,8192
llama-3-2-3b,Llama 3.2 3B,q4-k-m,4.5,1.683,0.875,0.8,3.358,8192
llama-3-2-3b,Llama 3.2 3B,q3-k-m,3.9,1.459,0.875,0.8,3.134,8192
mistral-7b-v0-3,Mistral 7B v0.3,fp16,16,13.5,1,0.8,15.3,8192
mistral-7b-v0-3,Mistral 7B v0.3,q8-0,8.5,7.172,1,0.8,8.972,8192
mistral-7b-v0-3,Mistral 7B v0.3,q6-k,6.6,5.569,1,0.8,7.369,8192
mistral-7b-v0-3,Mistral 7B v0.3,q5-k-m,5.5,4.641,1,0.8,6.441,8192
mistral-7b-v0-3,Mistral 7B v0.3,q4-k-m,4.5,3.797,1,0.8,5.597,8192
mistral-7b-v0-3,Mistral 7B v0.3,q3-k-m,3.9,3.291,1,0.8,5.091,8192
qwen2-5-7b,Qwen2.5 7B,fp16,16,14.185,0.438,0.8,15.422,8192
qwen2-5-7b,Qwen2.5 7B,q8-0,8.5,7.536,0.438,0.8,8.773,8192
qwen2-5-7b,Qwen2.5 7B,q6-k,6.6,5.851,0.438,0.8,7.089,8192
qwen2-5-7b,Qwen2.5 7B,q5-k-m,5.5,4.876,0.438,0.8,6.113,8192
qwen2-5-7b,Qwen2.5 7B,q4-k-m,4.5,3.989,0.438,0.8,5.227,8192
qwen2-5-7b,Qwen2.5 7B,q3-k-m,3.9,3.457,0.438,0.8,4.695,8192
qwen2-5-coder-7b,Qwen2.5 Coder 7B,fp16,16,14.185,0.438,0.8,15.422,8192
qwen2-5-coder-7b,Qwen2.5 Coder 7B,q8-0,8.5,7.536,0.438,0.8,8.773,8192
qwen2-5-coder-7b,Qwen2.5 Coder 7B,q6-k,6.6,5.851,0.438,0.8,7.089,8192
qwen2-5-coder-7b,Qwen2.5 Coder 7B,q5-k-m,5.5,4.876,0.438,0.8,6.113,8192
qwen2-5-coder-7b,Qwen2.5 Coder 7B,q4-k-m,4.5,3.989,0.438,0.8,5.227,8192
qwen2-5-coder-7b,Qwen2.5 Coder 7B,q3-k-m,3.9,3.457,0.438,0.8,4.695,8192
llama-3-1-8b,Llama 3.1 8B,fp16,16,14.957,1,0.8,16.757,8192
llama-3-1-8b,Llama 3.1 8B,q8-0,8.5,7.946,1,0.8,9.746,8192
llama-3-1-8b,Llama 3.1 8B,q6-k,6.6,6.17,1,0.8,7.97,8192
llama-3-1-8b,Llama 3.1 8B,q5-k-m,5.5,5.141,1,0.8,6.941,8192
llama-3-1-8b,Llama 3.1 8B,q4-k-m,4.5,4.207,1,0.8,6.007,8192
llama-3-1-8b,Llama 3.1 8B,q3-k-m,3.9,3.646,1,0.8,5.446,8192
gemma-2-9b,Gemma 2 9B,fp16,16,17.213,2.625,0.8,20.638,8192
gemma-2-9b,Gemma 2 9B,q8-0,8.5,9.144,2.625,0.8,12.569,8192
gemma-2-9b,Gemma 2 9B,q6-k,6.6,7.1,2.625,0.8,10.525,8192
gemma-2-9b,Gemma 2 9B,q5-k-m,5.5,5.917,2.625,0.8,9.342,8192
gemma-2-9b,Gemma 2 9B,q4-k-m,4.5,4.841,2.625,0.8,8.266,8192
gemma-2-9b,Gemma 2 9B,q3-k-m,3.9,4.196,2.625,0.8,7.621,8192
phi-4,Phi-4,fp16,16,27.305,1.562,0.8,29.667,8192
phi-4,Phi-4,q8-0,8.5,14.506,1.562,0.8,16.868,8192
phi-4,Phi-4,q6-k,6.6,11.263,1.562,0.8,13.626,8192
phi-4,Phi-4,q5-k-m,5.5,9.386,1.562,0.8,11.748,8192
phi-4,Phi-4,q4-k-m,4.5,7.679,1.562,0.8,10.042,8192
phi-4,Phi-4,q3-k-m,3.9,6.656,1.562,0.8,9.018,8192
qwen2-5-14b,Qwen2.5 14B,fp16,16,27.51,1.5,0.8,29.81,8192
qwen2-5-14b,Qwen2.5 14B,q8-0,8.5,14.615,1.5,0.8,16.915,8192
qwen2-5-14b,Qwen2.5 14B,q6-k,6.6,11.348,1.5,0.8,13.648,8192
qwen2-5-14b,Qwen2.5 14B,q5-k-m,5.5,9.456,1.5,0.8,11.756,8192
qwen2-5-14b,Qwen2.5 14B,q4-k-m,4.5,7.737,1.5,0.8,10.037,8192
qwen2-5-14b,Qwen2.5 14B,q3-k-m,3.9,6.706,1.5,0.8,9.006,8192
deepseek-r1-distill-qwen-14b,DeepSeek-R1 Distill Qwen 14B,fp16,16,27.51,1.5,0.8,29.81,8192
deepseek-r1-distill-qwen-14b,DeepSeek-R1 Distill Qwen 14B,q8-0,8.5,14.615,1.5,0.8,16.915,8192
deepseek-r1-distill-qwen-14b,DeepSeek-R1 Distill Qwen 14B,q6-k,6.6,11.348,1.5,0.8,13.648,8192
deepseek-r1-distill-qwen-14b,DeepSeek-R1 Distill Qwen 14B,q5-k-m,5.5,9.456,1.5,0.8,11.756,8192
deepseek-r1-distill-qwen-14b,DeepSeek-R1 Distill Qwen 14B,q4-k-m,4.5,7.737,1.5,0.8,10.037,8192
deepseek-r1-distill-qwen-14b,DeepSeek-R1 Distill Qwen 14B,q3-k-m,3.9,6.706,1.5,0.8,9.006,8192
gemma-2-27b,Gemma 2 27B,fp16,16,50.713,2.875,0.8,54.388,8192
gemma-2-27b,Gemma 2 27B,q8-0,8.5,26.941,2.875,0.8,30.616,8192
gemma-2-27b,Gemma 2 27B,q6-k,6.6,20.919,2.875,0.8,24.594,8192
gemma-2-27b,Gemma 2 27B,q5-k-m,5.5,17.433,2.875,0.8,21.108,8192
gemma-2-27b,Gemma 2 27B,q4-k-m,4.5,14.263,2.875,0.8,17.938,8192
gemma-2-27b,Gemma 2 27B,q3-k-m,3.9,12.361,2.875,0.8,16.036,8192
qwen3-30b-a3b,Qwen3 30B-A3B,fp16,16,56.87,0.75,0.8,58.42,8192
qwen3-30b-a3b,Qwen3 30B-A3B,q8-0,8.5,30.212,0.75,0.8,31.762,8192
qwen3-30b-a3b,Qwen3 30B-A3B,q6-k,6.6,23.459,0.75,0.8,25.009,8192
qwen3-30b-a3b,Qwen3 30B-A3B,q5-k-m,5.5,19.549,0.75,0.8,21.099,8192
qwen3-30b-a3b,Qwen3 30B-A3B,q4-k-m,4.5,15.995,0.75,0.8,17.545,8192
qwen3-30b-a3b,Qwen3 30B-A3B,q3-k-m,3.9,13.862,0.75,0.8,15.412,8192
qwen2-5-32b,Qwen2.5 32B,fp16,16,61.025,2,0.8,63.825,8192
qwen2-5-32b,Qwen2.5 32B,q8-0,8.5,32.42,2,0.8,35.22,8192
qwen2-5-32b,Qwen2.5 32B,q6-k,6.6,25.173,2,0.8,27.973,8192
qwen2-5-32b,Qwen2.5 32B,q5-k-m,5.5,20.977,2,0.8,23.777,8192
qwen2-5-32b,Qwen2.5 32B,q4-k-m,4.5,17.163,2,0.8,19.963,8192
qwen2-5-32b,Qwen2.5 32B,q3-k-m,3.9,14.875,2,0.8,17.675,8192
qwen2-5-coder-32b,Qwen2.5 Coder 32B,fp16,16,61.025,2,0.8,63.825,8192
qwen2-5-coder-32b,Qwen2.5 Coder 32B,q8-0,8.5,32.42,2,0.8,35.22,8192
qwen2-5-coder-32b,Qwen2.5 Coder 32B,q6-k,6.6,25.173,2,0.8,27.973,8192
qwen2-5-coder-32b,Qwen2.5 Coder 32B,q5-k-m,5.5,20.977,2,0.8,23.777,8192
qwen2-5-coder-32b,Qwen2.5 Coder 32B,q4-k-m,4.5,17.163,2,0.8,19.963,8192
qwen2-5-coder-32b,Qwen2.5 Coder 32B,q3-k-m,3.9,14.875,2,0.8,17.675,8192
qwen3-32b,Qwen3 32B,fp16,16,61.023,2,0.8,63.823,8192
qwen3-32b,Qwen3 32B,q8-0,8.5,32.418,2,0.8,35.218,8192
qwen3-32b,Qwen3 32B,q6-k,6.6,25.172,2,0.8,27.972,8192
qwen3-32b,Qwen3 32B,q5-k-m,5.5,20.977,2,0.8,23.777,8192
qwen3-32b,Qwen3 32B,q4-k-m,4.5,17.163,2,0.8,19.963,8192
qwen3-32b,Qwen3 32B,q3-k-m,3.9,14.874,2,0.8,17.674,8192
mixtral-8x7b,Mixtral 8x7B,fp16,16,86.99,1,0.8,88.79,8192
mixtral-8x7b,Mixtral 8x7B,q8-0,8.5,46.214,1,0.8,48.014,8192
mixtral-8x7b,Mixtral 8x7B,q6-k,6.6,35.883,1,0.8,37.683,8192
mixtral-8x7b,Mixtral 8x7B,q5-k-m,5.5,29.903,1,0.8,31.703,8192
mixtral-8x7b,Mixtral 8x7B,q4-k-m,4.5,24.466,1,0.8,26.266,8192
mixtral-8x7b,Mixtral 8x7B,q3-k-m,3.9,21.204,1,0.8,23.004,8192
llama-3-3-70b,Llama 3.3 70B,fp16,16,131.414,2.5,0.8,134.714,8192
llama-3-3-70b,Llama 3.3 70B,q8-0,8.5,69.814,2.5,0.8,73.114,8192
llama-3-3-70b,Llama 3.3 70B,q6-k,6.6,54.208,2.5,0.8,57.508,8192
llama-3-3-70b,Llama 3.3 70B,q5-k-m,5.5,45.174,2.5,0.8,48.474,8192
llama-3-3-70b,Llama 3.3 70B,q4-k-m,4.5,36.96,2.5,0.8,40.26,8192
llama-3-3-70b,Llama 3.3 70B,q3-k-m,3.9,32.032,2.5,0.8,35.332,8192
qwen2-5-72b,Qwen2.5 72B,fp16,16,135.422,2.5,0.8,138.722,8192
qwen2-5-72b,Qwen2.5 72B,q8-0,8.5,71.943,2.5,0.8,75.243,8192
qwen2-5-72b,Qwen2.5 72B,q6-k,6.6,55.862,2.5,0.8,59.162,8192
qwen2-5-72b,Qwen2.5 72B,q5-k-m,5.5,46.551,2.5,0.8,49.851,8192
qwen2-5-72b,Qwen2.5 72B,q4-k-m,4.5,38.087,2.5,0.8,41.387,8192
qwen2-5-72b,Qwen2.5 72B,q3-k-m,3.9,33.009,2.5,0.8,36.309,8192
qwen3-235b-a22b,Qwen3 235B-A22B,fp16,16,437.895,1.469,0.8,440.163,8192
qwen3-235b-a22b,Qwen3 235B-A22B,q8-0,8.5,232.631,1.469,0.8,234.9,8192
qwen3-235b-a22b,Qwen3 235B-A22B,q6-k,6.6,180.631,1.469,0.8,182.9,8192
qwen3-235b-a22b,Qwen3 235B-A22B,q5-k-m,5.5,150.526,1.469,0.8,152.795,8192
qwen3-235b-a22b,Qwen3 235B-A22B,q4-k-m,4.5,123.158,1.469,0.8,125.427,8192
qwen3-235b-a22b,Qwen3 235B-A22B,q3-k-m,3.9,106.737,1.469,0.8,109.006,8192
