state_slug,state,abbr,filing_status,bracket_index,income_from_usd,income_to_usd,marginal_rate
alabama,Alabama,AL,single,0,0,500,0.02
alabama,Alabama,AL,single,1,500,3000,0.04
alabama,Alabama,AL,single,2,3000,,0.05
alabama,Alabama,AL,married_jointly,0,0,1000,0.02
alabama,Alabama,AL,married_jointly,1,1000,6000,0.04
alabama,Alabama,AL,married_jointly,2,6000,,0.05
alabama,Alabama,AL,head_of_household,0,0,500,0.02
alabama,Alabama,AL,head_of_household,1,500,3000,0.04
alabama,Alabama,AL,head_of_household,2,3000,,0.05
arizona,Arizona,AZ,single,0,0,,0.025
arizona,Arizona,AZ,married_jointly,0,0,,0.025
arizona,Arizona,AZ,head_of_household,0,0,,0.025
arkansas,Arkansas,AR,single,0,0,4600,0.02
arkansas,Arkansas,AR,single,1,4600,,0.039
arkansas,Arkansas,AR,married_jointly,0,0,4600,0.02
arkansas,Arkansas,AR,married_jointly,1,4600,,0.039
arkansas,Arkansas,AR,head_of_household,0,0,4600,0.02
arkansas,Arkansas,AR,head_of_household,1,4600,,0.039
california,California,CA,single,0,0,11079,0.01
california,California,CA,single,1,11079,26264,0.02
california,California,CA,single,2,26264,41452,0.04
california,California,CA,single,3,41452,57542,0.06
california,California,CA,single,4,57542,72724,0.08
california,California,CA,single,5,72724,371479,0.093
california,California,CA,single,6,371479,445771,0.103
california,California,CA,single,7,445771,742953,0.113
california,California,CA,single,8,742953,,0.123
california,California,CA,married_jointly,0,0,22158,0.01
california,California,CA,married_jointly,1,22158,52528,0.02
california,California,CA,married_jointly,2,52528,82904,0.04
california,California,CA,married_jointly,3,82904,115084,0.06
california,California,CA,married_jointly,4,115084,145448,0.08
california,California,CA,married_jointly,5,145448,742958,0.093
california,California,CA,married_jointly,6,742958,891542,0.103
california,California,CA,married_jointly,7,891542,1485906,0.113
california,California,CA,married_jointly,8,1485906,,0.123
california,California,CA,head_of_household,0,0,22173,0.01
california,California,CA,head_of_household,1,22173,52532,0.02
california,California,CA,head_of_household,2,52532,67718,0.04
california,California,CA,head_of_household,3,67718,83807,0.06
california,California,CA,head_of_household,4,83807,98993,0.08
california,California,CA,head_of_household,5,98993,505222,0.093
california,California,CA,head_of_household,6,505222,606268,0.103
california,California,CA,head_of_household,7,606268,1010446,0.113
california,California,CA,head_of_household,8,1010446,,0.123
colorado,Colorado,CO,single,0,0,,0.044
colorado,Colorado,CO,married_jointly,0,0,,0.044
colorado,Colorado,CO,head_of_household,0,0,,0.044
connecticut,Connecticut,CT,single,0,0,10000,0.02
connecticut,Connecticut,CT,single,1,10000,50000,0.045
connecticut,Connecticut,CT,single,2,50000,100000,0.055
connecticut,Connecticut,CT,single,3,100000,200000,0.06
connecticut,Connecticut,CT,single,4,200000,250000,0.065
connecticut,Connecticut,CT,single,5,250000,500000,0.069
connecticut,Connecticut,CT,single,6,500000,,0.0699
connecticut,Connecticut,CT,married_jointly,0,0,20000,0.02
connecticut,Connecticut,CT,married_jointly,1,20000,100000,0.045
connecticut,Connecticut,CT,married_jointly,2,100000,200000,0.055
connecticut,Connecticut,CT,married_jointly,3,200000,400000,0.06
connecticut,Connecticut,CT,married_jointly,4,400000,500000,0.065
connecticut,Connecticut,CT,married_jointly,5,500000,1000000,0.069
connecticut,Connecticut,CT,married_jointly,6,1000000,,0.0699
connecticut,Connecticut,CT,head_of_household,0,0,16000,0.02
connecticut,Connecticut,CT,head_of_household,1,16000,80000,0.045
connecticut,Connecticut,CT,head_of_household,2,80000,160000,0.055
connecticut,Connecticut,CT,head_of_household,3,160000,320000,0.06
connecticut,Connecticut,CT,head_of_household,4,320000,400000,0.065
connecticut,Connecticut,CT,head_of_household,5,400000,800000,0.069
connecticut,Connecticut,CT,head_of_household,6,800000,,0.0699
delaware,Delaware,DE,single,0,0,2000,0
delaware,Delaware,DE,single,1,2000,5000,0.022
delaware,Delaware,DE,single,2,5000,10000,0.039
delaware,Delaware,DE,single,3,10000,20000,0.048
delaware,Delaware,DE,single,4,20000,25000,0.052
delaware,Delaware,DE,single,5,25000,60000,0.0555
delaware,Delaware,DE,single,6,60000,,0.066
delaware,Delaware,DE,married_jointly,0,0,2000,0
delaware,Delaware,DE,married_jointly,1,2000,5000,0.022
delaware,Delaware,DE,married_jointly,2,5000,10000,0.039
delaware,Delaware,DE,married_jointly,3,10000,20000,0.048
delaware,Delaware,DE,married_jointly,4,20000,25000,0.052
delaware,Delaware,DE,married_jointly,5,25000,60000,0.0555
delaware,Delaware,DE,married_jointly,6,60000,,0.066
delaware,Delaware,DE,head_of_household,0,0,2000,0
delaware,Delaware,DE,head_of_household,1,2000,5000,0.022
delaware,Delaware,DE,head_of_household,2,5000,10000,0.039
delaware,Delaware,DE,head_of_household,3,10000,20000,0.048
delaware,Delaware,DE,head_of_household,4,20000,25000,0.052
delaware,Delaware,DE,head_of_household,5,25000,60000,0.0555
delaware,Delaware,DE,head_of_household,6,60000,,0.066
district-of-columbia,District of Columbia,DC,single,0,0,10000,0.04
district-of-columbia,District of Columbia,DC,single,1,10000,40000,0.06
district-of-columbia,District of Columbia,DC,single,2,40000,60000,0.065
district-of-columbia,District of Columbia,DC,single,3,60000,250000,0.085
district-of-columbia,District of Columbia,DC,single,4,250000,500000,0.0925
district-of-columbia,District of Columbia,DC,single,5,500000,1000000,0.0975
district-of-columbia,District of Columbia,DC,single,6,1000000,,0.1075
district-of-columbia,District of Columbia,DC,married_jointly,0,0,10000,0.04
district-of-columbia,District of Columbia,DC,married_jointly,1,10000,40000,0.06
district-of-columbia,District of Columbia,DC,married_jointly,2,40000,60000,0.065
district-of-columbia,District of Columbia,DC,married_jointly,3,60000,250000,0.085
district-of-columbia,District of Columbia,DC,married_jointly,4,250000,500000,0.0925
district-of-columbia,District of Columbia,DC,married_jointly,5,500000,1000000,0.0975
district-of-columbia,District of Columbia,DC,married_jointly,6,1000000,,0.1075
district-of-columbia,District of Columbia,DC,head_of_household,0,0,10000,0.04
district-of-columbia,District of Columbia,DC,head_of_household,1,10000,40000,0.06
district-of-columbia,District of Columbia,DC,head_of_household,2,40000,60000,0.065
district-of-columbia,District of Columbia,DC,head_of_household,3,60000,250000,0.085
district-of-columbia,District of Columbia,DC,head_of_household,4,250000,500000,0.0925
district-of-columbia,District of Columbia,DC,head_of_household,5,500000,1000000,0.0975
district-of-columbia,District of Columbia,DC,head_of_household,6,1000000,,0.1075
georgia,Georgia,GA,single,0,0,,0.0499
georgia,Georgia,GA,married_jointly,0,0,,0.0499
georgia,Georgia,GA,head_of_household,0,0,,0.0499
hawaii,Hawaii,HI,single,0,0,9600,0.014
hawaii,Hawaii,HI,single,1,9600,14400,0.032
hawaii,Hawaii,HI,single,2,14400,19200,0.055
hawaii,Hawaii,HI,single,3,19200,24000,0.064
hawaii,Hawaii,HI,single,4,24000,36000,0.068
hawaii,Hawaii,HI,single,5,36000,48000,0.072
hawaii,Hawaii,HI,single,6,48000,125000,0.076
hawaii,Hawaii,HI,single,7,125000,175000,0.079
hawaii,Hawaii,HI,single,8,175000,225000,0.0825
hawaii,Hawaii,HI,single,9,225000,275000,0.09
hawaii,Hawaii,HI,single,10,275000,325000,0.1
hawaii,Hawaii,HI,single,11,325000,,0.11
hawaii,Hawaii,HI,married_jointly,0,0,19200,0.014
hawaii,Hawaii,HI,married_jointly,1,19200,28800,0.032
hawaii,Hawaii,HI,married_jointly,2,28800,38400,0.055
hawaii,Hawaii,HI,married_jointly,3,38400,48000,0.064
hawaii,Hawaii,HI,married_jointly,4,48000,72000,0.068
hawaii,Hawaii,HI,married_jointly,5,72000,96000,0.072
hawaii,Hawaii,HI,married_jointly,6,96000,250000,0.076
hawaii,Hawaii,HI,married_jointly,7,250000,350000,0.079
hawaii,Hawaii,HI,married_jointly,8,350000,450000,0.0825
hawaii,Hawaii,HI,married_jointly,9,450000,550000,0.09
hawaii,Hawaii,HI,married_jointly,10,550000,650000,0.1
hawaii,Hawaii,HI,married_jointly,11,650000,,0.11
hawaii,Hawaii,HI,head_of_household,0,0,9600,0.014
hawaii,Hawaii,HI,head_of_household,1,9600,14400,0.032
hawaii,Hawaii,HI,head_of_household,2,14400,19200,0.055
hawaii,Hawaii,HI,head_of_household,3,19200,24000,0.064
hawaii,Hawaii,HI,head_of_household,4,24000,36000,0.068
hawaii,Hawaii,HI,head_of_household,5,36000,48000,0.072
hawaii,Hawaii,HI,head_of_household,6,48000,125000,0.076
hawaii,Hawaii,HI,head_of_household,7,125000,175000,0.079
hawaii,Hawaii,HI,head_of_household,8,175000,225000,0.0825
hawaii,Hawaii,HI,head_of_household,9,225000,275000,0.09
hawaii,Hawaii,HI,head_of_household,10,275000,325000,0.1
hawaii,Hawaii,HI,head_of_household,11,325000,,0.11
idaho,Idaho,ID,single,0,0,,0.053
idaho,Idaho,ID,married_jointly,0,0,,0.053
idaho,Idaho,ID,head_of_household,0,0,,0.053
illinois,Illinois,IL,single,0,0,,0.0495
illinois,Illinois,IL,married_jointly,0,0,,0.0495
illinois,Illinois,IL,head_of_household,0,0,,0.0495
indiana,Indiana,IN,single,0,0,,0.0295
indiana,Indiana,IN,married_jointly,0,0,,0.0295
indiana,Indiana,IN,head_of_household,0,0,,0.0295
iowa,Iowa,IA,single,0,0,,0.038
iowa,Iowa,IA,married_jointly,0,0,,0.038
iowa,Iowa,IA,head_of_household,0,0,,0.038
kansas,Kansas,KS,single,0,0,23000,0.052
kansas,Kansas,KS,single,1,23000,,0.0558
kansas,Kansas,KS,married_jointly,0,0,46000,0.052
kansas,Kansas,KS,married_jointly,1,46000,,0.0558
kansas,Kansas,KS,head_of_household,0,0,23000,0.052
kansas,Kansas,KS,head_of_household,1,23000,,0.0558
kentucky,Kentucky,KY,single,0,0,,0.035
kentucky,Kentucky,KY,married_jointly,0,0,,0.035
kentucky,Kentucky,KY,head_of_household,0,0,,0.035
louisiana,Louisiana,LA,single,0,0,,0.03
louisiana,Louisiana,LA,married_jointly,0,0,,0.03
louisiana,Louisiana,LA,head_of_household,0,0,,0.03
maine,Maine,ME,single,0,0,27399,0.058
maine,Maine,ME,single,1,27399,64849,0.0675
maine,Maine,ME,single,2,64849,,0.0715
maine,Maine,ME,married_jointly,0,0,54798,0.058
maine,Maine,ME,married_jointly,1,54798,129698,0.0675
maine,Maine,ME,married_jointly,2,129698,,0.0715
maine,Maine,ME,head_of_household,0,0,41099,0.058
maine,Maine,ME,head_of_household,1,41099,97274,0.0675
maine,Maine,ME,head_of_household,2,97274,,0.0715
maryland,Maryland,MD,single,0,0,1000,0.02
maryland,Maryland,MD,single,1,1000,2000,0.03
maryland,Maryland,MD,single,2,2000,3000,0.04
maryland,Maryland,MD,single,3,3000,100000,0.0475
maryland,Maryland,MD,single,4,100000,125000,0.05
maryland,Maryland,MD,single,5,125000,150000,0.0525
maryland,Maryland,MD,single,6,150000,250000,0.055
maryland,Maryland,MD,single,7,250000,500000,0.0575
maryland,Maryland,MD,single,8,500000,1000000,0.0625
maryland,Maryland,MD,single,9,1000000,,0.065
maryland,Maryland,MD,married_jointly,0,0,1000,0.02
maryland,Maryland,MD,married_jointly,1,1000,2000,0.03
maryland,Maryland,MD,married_jointly,2,2000,3000,0.04
maryland,Maryland,MD,married_jointly,3,3000,150000,0.0475
maryland,Maryland,MD,married_jointly,4,150000,175000,0.05
maryland,Maryland,MD,married_jointly,5,175000,225000,0.0525
maryland,Maryland,MD,married_jointly,6,225000,300000,0.055
maryland,Maryland,MD,married_jointly,7,300000,600000,0.0575
maryland,Maryland,MD,married_jointly,8,600000,1200000,0.0625
maryland,Maryland,MD,married_jointly,9,1200000,,0.065
maryland,Maryland,MD,head_of_household,0,0,1000,0.02
maryland,Maryland,MD,head_of_household,1,1000,2000,0.03
maryland,Maryland,MD,head_of_household,2,2000,3000,0.04
maryland,Maryland,MD,head_of_household,3,3000,150000,0.0475
maryland,Maryland,MD,head_of_household,4,150000,175000,0.05
maryland,Maryland,MD,head_of_household,5,175000,225000,0.0525
maryland,Maryland,MD,head_of_household,6,225000,300000,0.055
maryland,Maryland,MD,head_of_household,7,300000,600000,0.0575
maryland,Maryland,MD,head_of_household,8,600000,1200000,0.0625
maryland,Maryland,MD,head_of_household,9,1200000,,0.065
massachusetts,Massachusetts,MA,single,0,0,,0.05
massachusetts,Massachusetts,MA,married_jointly,0,0,,0.05
massachusetts,Massachusetts,MA,head_of_household,0,0,,0.05
michigan,Michigan,MI,single,0,0,,0.0425
michigan,Michigan,MI,married_jointly,0,0,,0.0425
michigan,Michigan,MI,head_of_household,0,0,,0.0425
minnesota,Minnesota,MN,single,0,0,33310,0.0535
minnesota,Minnesota,MN,single,1,33310,109430,0.068
minnesota,Minnesota,MN,single,2,109430,203150,0.0785
minnesota,Minnesota,MN,single,3,203150,,0.0985
minnesota,Minnesota,MN,married_jointly,0,0,48702,0.0535
minnesota,Minnesota,MN,married_jointly,1,48702,193478,0.068
minnesota,Minnesota,MN,married_jointly,2,193478,337917,0.0785
minnesota,Minnesota,MN,married_jointly,3,337917,,0.0985
minnesota,Minnesota,MN,head_of_household,0,0,41072,0.0535
minnesota,Minnesota,MN,head_of_household,1,41072,164985,0.068
minnesota,Minnesota,MN,head_of_household,2,164985,270458,0.0785
minnesota,Minnesota,MN,head_of_household,3,270458,,0.0985
mississippi,Mississippi,MS,single,0,0,10000,0
mississippi,Mississippi,MS,single,1,10000,,0.04
mississippi,Mississippi,MS,married_jointly,0,0,10000,0
mississippi,Mississippi,MS,married_jointly,1,10000,,0.04
mississippi,Mississippi,MS,head_of_household,0,0,10000,0
mississippi,Mississippi,MS,head_of_household,1,10000,,0.04
missouri,Missouri,MO,single,0,0,1348,0
missouri,Missouri,MO,single,1,1348,2696,0.02
missouri,Missouri,MO,single,2,2696,4044,0.025
missouri,Missouri,MO,single,3,4044,5392,0.03
missouri,Missouri,MO,single,4,5392,6740,0.035
missouri,Missouri,MO,single,5,6740,8088,0.04
missouri,Missouri,MO,single,6,8088,9436,0.045
missouri,Missouri,MO,single,7,9436,,0.047
missouri,Missouri,MO,married_jointly,0,0,1348,0
missouri,Missouri,MO,married_jointly,1,1348,2696,0.02
missouri,Missouri,MO,married_jointly,2,2696,4044,0.025
missouri,Missouri,MO,married_jointly,3,4044,5392,0.03
missouri,Missouri,MO,married_jointly,4,5392,6740,0.035
missouri,Missouri,MO,married_jointly,5,6740,8088,0.04
missouri,Missouri,MO,married_jointly,6,8088,9436,0.045
missouri,Missouri,MO,married_jointly,7,9436,,0.047
missouri,Missouri,MO,head_of_household,0,0,1348,0
missouri,Missouri,MO,head_of_household,1,1348,2696,0.02
missouri,Missouri,MO,head_of_household,2,2696,4044,0.025
missouri,Missouri,MO,head_of_household,3,4044,5392,0.03
missouri,Missouri,MO,head_of_household,4,5392,6740,0.035
missouri,Missouri,MO,head_of_household,5,6740,8088,0.04
missouri,Missouri,MO,head_of_household,6,8088,9436,0.045
missouri,Missouri,MO,head_of_household,7,9436,,0.047
montana,Montana,MT,single,0,0,47500,0.047
montana,Montana,MT,single,1,47500,,0.0565
montana,Montana,MT,married_jointly,0,0,95000,0.047
montana,Montana,MT,married_jointly,1,95000,,0.0565
montana,Montana,MT,head_of_household,0,0,71250,0.047
montana,Montana,MT,head_of_household,1,71250,,0.0565
nebraska,Nebraska,NE,single,0,0,4130,0.0246
nebraska,Nebraska,NE,single,1,4130,24760,0.0351
nebraska,Nebraska,NE,single,2,24760,,0.0455
nebraska,Nebraska,NE,married_jointly,0,0,8260,0.0246
nebraska,Nebraska,NE,married_jointly,1,8260,49520,0.0351
nebraska,Nebraska,NE,married_jointly,2,49520,,0.0455
nebraska,Nebraska,NE,head_of_household,0,0,7720,0.0246
nebraska,Nebraska,NE,head_of_household,1,7720,39620,0.0351
nebraska,Nebraska,NE,head_of_household,2,39620,,0.0455
new-jersey,New Jersey,NJ,single,0,0,20000,0.014
new-jersey,New Jersey,NJ,single,1,20000,35000,0.0175
new-jersey,New Jersey,NJ,single,2,35000,40000,0.035
new-jersey,New Jersey,NJ,single,3,40000,75000,0.05525
new-jersey,New Jersey,NJ,single,4,75000,500000,0.0637
new-jersey,New Jersey,NJ,single,5,500000,1000000,0.0897
new-jersey,New Jersey,NJ,single,6,1000000,,0.1075
new-jersey,New Jersey,NJ,married_jointly,0,0,20000,0.014
new-jersey,New Jersey,NJ,married_jointly,1,20000,50000,0.0175
new-jersey,New Jersey,NJ,married_jointly,2,50000,70000,0.0245
new-jersey,New Jersey,NJ,married_jointly,3,70000,80000,0.035
new-jersey,New Jersey,NJ,married_jointly,4,80000,150000,0.05525
new-jersey,New Jersey,NJ,married_jointly,5,150000,500000,0.0637
new-jersey,New Jersey,NJ,married_jointly,6,500000,1000000,0.0897
new-jersey,New Jersey,NJ,married_jointly,7,1000000,,0.1075
new-jersey,New Jersey,NJ,head_of_household,0,0,20000,0.014
new-jersey,New Jersey,NJ,head_of_household,1,20000,50000,0.0175
new-jersey,New Jersey,NJ,head_of_household,2,50000,70000,0.0245
new-jersey,New Jersey,NJ,head_of_household,3,70000,80000,0.035
new-jersey,New Jersey,NJ,head_of_household,4,80000,150000,0.05525
new-jersey,New Jersey,NJ,head_of_household,5,150000,500000,0.0637
new-jersey,New Jersey,NJ,head_of_household,6,500000,1000000,0.0897
new-jersey,New Jersey,NJ,head_of_household,7,1000000,,0.1075
new-mexico,New Mexico,NM,single,0,0,5500,0.015
new-mexico,New Mexico,NM,single,1,5500,16500,0.032
new-mexico,New Mexico,NM,single,2,16500,33500,0.043
new-mexico,New Mexico,NM,single,3,33500,66500,0.047
new-mexico,New Mexico,NM,single,4,66500,210000,0.049
new-mexico,New Mexico,NM,single,5,210000,,0.059
new-mexico,New Mexico,NM,married_jointly,0,0,8000,0.015
new-mexico,New Mexico,NM,married_jointly,1,8000,25000,0.032
new-mexico,New Mexico,NM,married_jointly,2,25000,50000,0.043
new-mexico,New Mexico,NM,married_jointly,3,50000,100000,0.047
new-mexico,New Mexico,NM,married_jointly,4,100000,315000,0.049
new-mexico,New Mexico,NM,married_jointly,5,315000,,0.059
new-mexico,New Mexico,NM,head_of_household,0,0,8000,0.015
new-mexico,New Mexico,NM,head_of_household,1,8000,25000,0.032
new-mexico,New Mexico,NM,head_of_household,2,25000,50000,0.043
new-mexico,New Mexico,NM,head_of_household,3,50000,100000,0.047
new-mexico,New Mexico,NM,head_of_household,4,100000,315000,0.049
new-mexico,New Mexico,NM,head_of_household,5,315000,,0.059
new-york,New York,NY,single,0,0,8500,0.039
new-york,New York,NY,single,1,8500,11700,0.044
new-york,New York,NY,single,2,11700,13900,0.0515
new-york,New York,NY,single,3,13900,80650,0.054
new-york,New York,NY,single,4,80650,215400,0.059
new-york,New York,NY,single,5,215400,1077550,0.0685
new-york,New York,NY,single,6,1077550,5000000,0.0965
new-york,New York,NY,single,7,5000000,25000000,0.103
new-york,New York,NY,single,8,25000000,,0.109
new-york,New York,NY,married_jointly,0,0,17150,0.039
new-york,New York,NY,married_jointly,1,17150,23600,0.044
new-york,New York,NY,married_jointly,2,23600,27900,0.0515
new-york,New York,NY,married_jointly,3,27900,161550,0.054
new-york,New York,NY,married_jointly,4,161550,323200,0.059
new-york,New York,NY,married_jointly,5,323200,2155350,0.0685
new-york,New York,NY,married_jointly,6,2155350,5000000,0.0965
new-york,New York,NY,married_jointly,7,5000000,25000000,0.103
new-york,New York,NY,married_jointly,8,25000000,,0.109
new-york,New York,NY,head_of_household,0,0,12800,0.039
new-york,New York,NY,head_of_household,1,12800,17650,0.044
new-york,New York,NY,head_of_household,2,17650,20900,0.0515
new-york,New York,NY,head_of_household,3,20900,107650,0.054
new-york,New York,NY,head_of_household,4,107650,269300,0.059
new-york,New York,NY,head_of_household,5,269300,1616450,0.0685
new-york,New York,NY,head_of_household,6,1616450,5000000,0.0965
new-york,New York,NY,head_of_household,7,5000000,25000000,0.103
new-york,New York,NY,head_of_household,8,25000000,,0.109
north-carolina,North Carolina,NC,single,0,0,,0.0399
north-carolina,North Carolina,NC,married_jointly,0,0,,0.0399
north-carolina,North Carolina,NC,head_of_household,0,0,,0.0399
north-dakota,North Dakota,ND,single,0,0,48475,0
north-dakota,North Dakota,ND,single,1,48475,244825,0.0195
north-dakota,North Dakota,ND,single,2,244825,,0.025
north-dakota,North Dakota,ND,married_jointly,0,0,80975,0
north-dakota,North Dakota,ND,married_jointly,1,80975,298075,0.0195
north-dakota,North Dakota,ND,married_jointly,2,298075,,0.025
north-dakota,North Dakota,ND,head_of_household,0,0,64850,0
north-dakota,North Dakota,ND,head_of_household,1,64850,271450,0.0195
north-dakota,North Dakota,ND,head_of_household,2,271450,,0.025
ohio,Ohio,OH,single,0,0,26050,0
ohio,Ohio,OH,single,1,26050,,0.0275
ohio,Ohio,OH,married_jointly,0,0,26050,0
ohio,Ohio,OH,married_jointly,1,26050,,0.0275
ohio,Ohio,OH,head_of_household,0,0,26050,0
ohio,Ohio,OH,head_of_household,1,26050,,0.0275
oklahoma,Oklahoma,OK,single,0,0,3750,0
oklahoma,Oklahoma,OK,single,1,3750,4900,0.025
oklahoma,Oklahoma,OK,single,2,4900,7200,0.035
oklahoma,Oklahoma,OK,single,3,7200,,0.045
oklahoma,Oklahoma,OK,married_jointly,0,0,7500,0
oklahoma,Oklahoma,OK,married_jointly,1,7500,9800,0.025
oklahoma,Oklahoma,OK,married_jointly,2,9800,14400,0.035
oklahoma,Oklahoma,OK,married_jointly,3,14400,,0.045
oklahoma,Oklahoma,OK,head_of_household,0,0,3750,0
oklahoma,Oklahoma,OK,head_of_household,1,3750,4900,0.025
oklahoma,Oklahoma,OK,head_of_household,2,4900,7200,0.035
oklahoma,Oklahoma,OK,head_of_household,3,7200,,0.045
oregon,Oregon,OR,single,0,0,4550,0.0475
oregon,Oregon,OR,single,1,4550,11400,0.0675
oregon,Oregon,OR,single,2,11400,125000,0.0875
oregon,Oregon,OR,single,3,125000,,0.099
oregon,Oregon,OR,married_jointly,0,0,9100,0.0475
oregon,Oregon,OR,married_jointly,1,9100,22800,0.0675
oregon,Oregon,OR,married_jointly,2,22800,250000,0.0875
oregon,Oregon,OR,married_jointly,3,250000,,0.099
oregon,Oregon,OR,head_of_household,0,0,9100,0.0475
oregon,Oregon,OR,head_of_household,1,9100,22800,0.0675
oregon,Oregon,OR,head_of_household,2,22800,250000,0.0875
oregon,Oregon,OR,head_of_household,3,250000,,0.099
pennsylvania,Pennsylvania,PA,single,0,0,,0.0307
pennsylvania,Pennsylvania,PA,married_jointly,0,0,,0.0307
pennsylvania,Pennsylvania,PA,head_of_household,0,0,,0.0307
rhode-island,Rhode Island,RI,single,0,0,82050,0.0375
rhode-island,Rhode Island,RI,single,1,82050,186450,0.0475
rhode-island,Rhode Island,RI,single,2,186450,,0.0599
rhode-island,Rhode Island,RI,married_jointly,0,0,82050,0.0375
rhode-island,Rhode Island,RI,married_jointly,1,82050,186450,0.0475
rhode-island,Rhode Island,RI,married_jointly,2,186450,,0.0599
rhode-island,Rhode Island,RI,head_of_household,0,0,82050,0.0375
rhode-island,Rhode Island,RI,head_of_household,1,82050,186450,0.0475
rhode-island,Rhode Island,RI,head_of_household,2,186450,,0.0599
south-carolina,South Carolina,SC,single,0,0,3640,0
south-carolina,South Carolina,SC,single,1,3640,18230,0.03
south-carolina,South Carolina,SC,single,2,18230,,0.06
south-carolina,South Carolina,SC,married_jointly,0,0,3640,0
south-carolina,South Carolina,SC,married_jointly,1,3640,18230,0.03
south-carolina,South Carolina,SC,married_jointly,2,18230,,0.06
south-carolina,South Carolina,SC,head_of_household,0,0,3640,0
south-carolina,South Carolina,SC,head_of_household,1,3640,18230,0.03
south-carolina,South Carolina,SC,head_of_household,2,18230,,0.06
utah,Utah,UT,single,0,0,,0.045
utah,Utah,UT,married_jointly,0,0,,0.045
utah,Utah,UT,head_of_household,0,0,,0.045
vermont,Vermont,VT,single,0,0,49400,0.0335
vermont,Vermont,VT,single,1,49400,119700,0.066
vermont,Vermont,VT,single,2,119700,249700,0.076
vermont,Vermont,VT,single,3,249700,,0.0875
vermont,Vermont,VT,married_jointly,0,0,82454,0.0335
vermont,Vermont,VT,married_jointly,1,82454,199353,0.066
vermont,Vermont,VT,married_jointly,2,199353,303825,0.076
vermont,Vermont,VT,married_jointly,3,303825,,0.0875
vermont,Vermont,VT,head_of_household,0,0,66107,0.0335
vermont,Vermont,VT,head_of_household,1,66107,170786,0.066
vermont,Vermont,VT,head_of_household,2,170786,276702,0.076
vermont,Vermont,VT,head_of_household,3,276702,,0.0875
virginia,Virginia,VA,single,0,0,3000,0.02
virginia,Virginia,VA,single,1,3000,5000,0.03
virginia,Virginia,VA,single,2,5000,17000,0.05
virginia,Virginia,VA,single,3,17000,,0.0575
virginia,Virginia,VA,married_jointly,0,0,3000,0.02
virginia,Virginia,VA,married_jointly,1,3000,5000,0.03
virginia,Virginia,VA,married_jointly,2,5000,17000,0.05
virginia,Virginia,VA,married_jointly,3,17000,,0.0575
virginia,Virginia,VA,head_of_household,0,0,3000,0.02
virginia,Virginia,VA,head_of_household,1,3000,5000,0.03
virginia,Virginia,VA,head_of_household,2,5000,17000,0.05
virginia,Virginia,VA,head_of_household,3,17000,,0.0575
west-virginia,West Virginia,WV,single,0,0,10000,0.0222
west-virginia,West Virginia,WV,single,1,10000,25000,0.0296
west-virginia,West Virginia,WV,single,2,25000,40000,0.0333
west-virginia,West Virginia,WV,single,3,40000,60000,0.0444
west-virginia,West Virginia,WV,single,4,60000,,0.0482
west-virginia,West Virginia,WV,married_jointly,0,0,10000,0.0222
west-virginia,West Virginia,WV,married_jointly,1,10000,25000,0.0296
west-virginia,West Virginia,WV,married_jointly,2,25000,40000,0.0333
west-virginia,West Virginia,WV,married_jointly,3,40000,60000,0.0444
west-virginia,West Virginia,WV,married_jointly,4,60000,,0.0482
west-virginia,West Virginia,WV,head_of_household,0,0,10000,0.0222
west-virginia,West Virginia,WV,head_of_household,1,10000,25000,0.0296
west-virginia,West Virginia,WV,head_of_household,2,25000,40000,0.0333
west-virginia,West Virginia,WV,head_of_household,3,40000,60000,0.0444
west-virginia,West Virginia,WV,head_of_household,4,60000,,0.0482
wisconsin,Wisconsin,WI,single,0,0,15110,0.035
wisconsin,Wisconsin,WI,single,1,15110,51950,0.044
wisconsin,Wisconsin,WI,single,2,51950,332720,0.053
wisconsin,Wisconsin,WI,single,3,332720,,0.0765
wisconsin,Wisconsin,WI,married_jointly,0,0,20154,0.035
wisconsin,Wisconsin,WI,married_jointly,1,20154,69249,0.044
wisconsin,Wisconsin,WI,married_jointly,2,69249,443634,0.053
wisconsin,Wisconsin,WI,married_jointly,3,443634,,0.0765
wisconsin,Wisconsin,WI,head_of_household,0,0,15110,0.035
wisconsin,Wisconsin,WI,head_of_household,1,15110,51950,0.044
wisconsin,Wisconsin,WI,head_of_household,2,51950,332720,0.053
wisconsin,Wisconsin,WI,head_of_household,3,332720,,0.0765
